{
  "height": 21,
  "width": 94,
  "x": 404.34375,
  "y": 9919.28125
}