{
  "height": 21,
  "width": 94,
  "x": 318.90625,
  "y": 10753.390625
}