{
  "height": 13,
  "width": 169,
  "x": 318.90625,
  "y": 10582.609375
}